Workbook

Sheet Inventory Master
A1: LABORATORY INVENTORY REORDER TRACKER
A3: Item ID | B3: Description | C3: Current Qty | D3: Reorder Level | E3: Status | F3: Last Updated | G3: Notes | H3: Avg Monthly Usage | I3: Months of Stock
A4: LAB-00001 | B4: COTTONWOOL BALL MEDIUM (BOX/500G) | C4: 27 | D4: 20 | E4: =IF(C4<=D4,"REORDER NOW","OK") -> OK | H4: =D4/2 -> 10 | I4: =IF(H4=0,"N/A",ROUND(C4/H4,1)) -> 2.7
A5: LAB-00002 | B5: FORCEPS PLAIN 13CM | C5: 0 | D5: 6 | E5: =IF(C5<=D5,"REORDER NOW","OK") -> REORDER NOW | H5: =D5/2 -> 3 | I5: =IF(H5=0,"N/A",ROUND(C5/H5,1)) -> 0
A6: LAB-00003 | B6: WATER STERILE FOR IRRIGATION | C6: 4 | D6: 6 | E6: =IF(C6<=D6,"REORDER NOW","OK") -> REORDER NOW | H6: =D6/2 -> 3 | I6: =IF(H6=0,"N/A",ROUND(C6/H6,1)) -> 1.3
A7: LAB-00004 | B7: INFRARED THERMOMETER DIGITAL | C7: 0 | D7: 6 | E7: =IF(C7<=D7,"REORDER NOW","OK") -> REORDER NOW | H7: =D7/2 -> 3 | I7: =IF(H7=0,"N/A",ROUND(C7/H7,1)) -> 0
A8: LAB-00005 | B8: NITRILE GLOVES POWDER-FREE MEDIUM (BOX/100) | C8: 280 | D8: 100 | E8: =IF(C8<=D8,"REORDER NOW","OK") -> OK | H8: =D8/2 -> 50 | I8: =IF(H8=0,"N/A",ROUND(C8/H8,1)) -> 5.6
A9: LAB-00006 | B9: NITRILE GLOVES POWDER-FREE LARGE (BOX/100) | C9: 770 | D9: 200 | E9: =IF(C9<=D9,"REORDER NOW","OK") -> OK | H9: =D9/2 -> 100 | I9: =IF(H9=0,"N/A",ROUND(C9/H9,1)) -> 7.7
A10: LAB-00007 | B10: NITRILE GLOVES POWDER-FREE MEDIUM (BOX/100) | C10: 0 | D10: 6 | E10: =IF(C10<=D10,"REORDER NOW","OK") -> REORDER NOW | H10: =D10/2 -> 3 | I10: =IF(H10=0,"N/A",ROUND(C10/H10,1)) -> 0
A11: LAB-00008 | B11: FACE MASK N95 (BOX/50EA) | C11: 400 | D11: 100 | E11: =IF(C11<=D11,"REORDER NOW","OK") -> OK | H11: =D11/2 -> 50 | I11: =IF(H11=0,"N/A",ROUND(C11/H11,1)) -> 8
A12: LAB-00009 | B12: BAG PLASTIC REPORT LANCET A4 (BOX/500EA) | C12: 14 | D12: 10 | E12: =IF(C12<=D12,"REORDER NOW","OK") -> OK | H12: =D12/2 -> 5 | I12: =IF(H12=0,"N/A",ROUND(C12/H12,1)) -> 2.8
A13: LAB-00010 | B13: BAG - SPECIMEN - ZIPLOCK | C13: 51 | D13: 40 | E13: =IF(C13<=D13,"REORDER NOW","OK") -> OK | H13: =D13/2 -> 20 | I13: =IF(H13=0,"N/A",ROUND(C13/H13,1)) -> 2.6
A14: LAB-00011 | B14: BAG - SPECIMEN - LANCET GREEN | C14: 0 | D14: 6 | E14: =IF(C14<=D14,"REORDER NOW","OK") -> REORDER NOW | H14: =D14/2 -> 3 | I14: =IF(H14=0,"N/A",ROUND(C14/H14,1)) -> 0
A15: LAB-00012 | B15: BAG - SPECIMEN - LANCET RED | C15: 1200 | D15: 200 | E15: =IF(C15<=D15,"REORDER NOW","OK") -> OK | H15: =D15/2 -> 100 | I15: =IF(H15=0,"N/A",ROUND(C15/H15,1)) -> 12
... A1581: LAB-01578 | B1581: METHYLATED SPIRIT 200ML | C1581: 0 | D1581: 6 | E1581: =IF(C1581<=D1581,"REORDER NOW","OK") -> REORDER NOW | H1581: =D1581/2 -> 3 | I1581: =IF(H1581=0,"N/A",ROUND(C1581/H1581,1)) -> 0

Sheet Issuance Log
A1: MONTHLY ISSUANCE LOG
A2: Record every issuance here. The Month column auto-fills from the Date.
A4: Date | B4: Item ID | C4: Description | D4: Qty Issued | E4: Issued To / Dept | F4: Issued By | G4: Month | H4: Notes
G5: =IF(A5="","",TEXT(A5,"MMM YYYY"))
G6: =IF(A6="","",TEXT(A6,"MMM YYYY"))
G7: =IF(A7="","",TEXT(A7,"MMM YYYY"))
G8: =IF(A8="","",TEXT(A8,"MMM YYYY"))
G9: =IF(A9="","",TEXT(A9,"MMM YYYY"))
G10: =IF(A10="","",TEXT(A10,"MMM YYYY"))
G11: =IF(A11="","",TEXT(A11,"MMM YYYY"))
G12: =IF(A12="","",TEXT(A12,"MMM YYYY"))
G13: =IF(A13="","",TEXT(A13,"MMM YYYY"))
G14: =IF(A14="","",TEXT(A14,"MMM YYYY"))
G15: =IF(A15="","",TEXT(A15,"MMM YYYY"))
G16: =IF(A16="","",TEXT(A16,"MMM YYYY"))
... G204: =IF(A204="","",TEXT(A204,"MMM YYYY"))

Sheet Monthly Summary
A1: MONTHLY ISSUANCE SUMMARY
A2: Change the month in cell B4 to view any month's issuances automatically.
A4: Select Month: | B4: Jan 2025 | C4: ← Type month here (e.g. Mar 2025)
A6: Item ID | B6: Description | C6: Total Qty Issued | D6: # Transactions | E6: Issued To (Most)
A7: LAB-00001 | B7: COTTONWOOL BALL MEDIUM (BOX/500G) | C7: =IFERROR(SUMIFS('Issuance Log'!$D:$D,'Issuance Log'!$B:$B,A7,'Issuance Log'!$G:$G,$B$4),0) -> 0 | D7: =IFERROR(COUNTIFS('Issuance Log'!$B:$B,A7,'Issuance Log'!$G:$G,$B$4),0) -> 0 | E7: =IFERROR(INDEX('Issuance Log'!$E:$E,MATCH(MAXIFS('Issuance Log'!$D:$D,'Issuance Log'!$B:$B,A7,'Issuance Log'!$G:$G,$B$4),IF(('Issuance Log'!$B:$B=A7)*('Issuance Log'!$G:$G=$B$4),'Issuance Log'!$D:$D),0)),"-") -> -
A8: LAB-00002 | B8: FORCEPS PLAIN 13CM | C8: =IFERROR(SUMIFS('Issuance Log'!$D:$D,'Issuance Log'!$B:$B,A8,'Issuance Log'!$G:$G,$B$4),0) -> 0 | D8: =IFERROR(COUNTIFS('Issuance Log'!$B:$B,A8,'Issuance Log'!$G:$G,$B$4),0) -> 0 | E8: =IFERROR(INDEX('Issuance Log'!$E:$E,MATCH(MAXIFS('Issuance Log'!$D:$D,'Issuance Log'!$B:$B,A8,'Issuance Log'!$G:$G,$B$4),IF(('Issuance Log'!$B:$B=A8)*('Issuance Log'!$G:$G=$B$4),'Issuance Log'!$D:$D),0)),"-") -> -
A9: LAB-00003 | B9: WATER STERILE FOR IRRIGATION | C9: =IFERROR(SUMIFS('Issuance Log'!$D:$D,'Issuance Log'!$B:$B,A9,'Issuance Log'!$G:$G,$B$4),0) -> 0 | D9: =IFERROR(COUNTIFS('Issuance Log'!$B:$B,A9,'Issuance Log'!$G:$G,$B$4),0) -> 0 | E9: =IFERROR(INDEX('Issuance Log'!$E:$E,MATCH(MAXIFS('Issuance Log'!$D:$D,'Issuance Log'!$B:$B,A9,'Issuance Log'!$G:$G,$B$4),IF(('Issuance Log'!$B:$B=A9)*('Issuance Log'!$G:$G=$B$4),'Issuance Log'!$D:$D),0)),"-") -> -
A10: LAB-00004 | B10: INFRARED THERMOMETER DIGITAL | C10: =IFERROR(SUMIFS('Issuance Log'!$D:$D,'Issuance Log'!$B:$B,A10,'Issuance Log'!$G:$G,$B$4),0) -> 0 | D10: =IFERROR(COUNTIFS('Issuance Log'!$B:$B,A10,'Issuance Log'!$G:$G,$B$4),0) -> 0 | E10: =IFERROR(INDEX('Issuance Log'!$E:$E,MATCH(MAXIFS('Issuance Log'!$D:$D,'Issuance Log'!$B:$B,A10,'Issuance Log'!$G:$G,$B$4),IF(('Issuance Log'!$B:$B=A10)*('Issuance Log'!$G:$G=$B$4),'Issuance Log'!$D:$D),0)),"-") -> -
A11: LAB-00005 | B11: NITRILE GLOVES POWDER-FREE MEDIUM (BOX/100) | C11: =IFERROR(SUMIFS('Issuance Log'!$D:$D,'Issuance Log'!$B:$B,A11,'Issuance Log'!$G:$G,$B$4),0) -> 0 | D11: =IFERROR(COUNTIFS('Issuance Log'!$B:$B,A11,'Issuance Log'!$G:$G,$B$4),0) -> 0 | E11: =IFERROR(INDEX('Issuance Log'!$E:$E,MATCH(MAXIFS('Issuance Log'!$D:$D,'Issuance Log'!$B:$B,A11,'Issuance Log'!$G:$G,$B$4),IF(('Issuance Log'!$B:$B=A11)*('Issuance Log'!$G:$G=$B$4),'Issuance Log'!$D:$D),0)),"-") -> -
A12: LAB-00006 | B12: NITRILE GLOVES POWDER-FREE LARGE (BOX/100) | C12: =IFERROR(SUMIFS('Issuance Log'!$D:$D,'Issuance Log'!$B:$B,A12,'Issuance Log'!$G:$G,$B$4),0) -> 0 | D12: =IFERROR(COUNTIFS('Issuance Log'!$B:$B,A12,'Issuance Log'!$G:$G,$B$4),0) -> 0 | E12: =IFERROR(INDEX('Issuance Log'!$E:$E,MATCH(MAXIFS('Issuance Log'!$D:$D,'Issuance Log'!$B:$B,A12,'Issuance Log'!$G:$G,$B$4),IF(('Issuance Log'!$B:$B=A12)*('Issuance Log'!$G:$G=$B$4),'Issuance Log'!$D:$D),0)),"-") -> -
A13: LAB-00007 | B13: NITRILE GLOVES POWDER-FREE MEDIUM (BOX/100) | C13: =IFERROR(SUMIFS('Issuance Log'!$D:$D,'Issuance Log'!$B:$B,A13,'Issuance Log'!$G:$G,$B$4),0) -> 0 | D13: =IFERROR(COUNTIFS('Issuance Log'!$B:$B,A13,'Issuance Log'!$G:$G,$B$4),0) -> 0 | E13: =IFERROR(INDEX('Issuance Log'!$E:$E,MATCH(MAXIFS('Issuance Log'!$D:$D,'Issuance Log'!$B:$B,A13,'Issuance Log'!$G:$G,$B$4),IF(('Issuance Log'!$B:$B=A13)*('Issuance Log'!$G:$G=$B$4),'Issuance Log'!$D:$D),0)),"-") -> -
A14: LAB-00008 | B14: FACE MASK N95 (BOX/50EA) | C14: =IFERROR(SUMIFS('Issuance Log'!$D:$D,'Issuance Log'!$B:$B,A14,'Issuance Log'!$G:$G,$B$4),0) -> 0 | D14: =IFERROR(COUNTIFS('Issuance Log'!$B:$B,A14,'Issuance Log'!$G:$G,$B$4),0) -> 0 | E14: =IFERROR(INDEX('Issuance Log'!$E:$E,MATCH(MAXIFS('Issuance Log'!$D:$D,'Issuance Log'!$B:$B,A14,'Issuance Log'!$G:$G,$B$4),IF(('Issuance Log'!$B:$B=A14)*('Issuance Log'!$G:$G=$B$4),'Issuance Log'!$D:$D),0)),"-") -> -
A15: LAB-00009 | B15: BAG PLASTIC REPORT LANCET A4 (BOX/500EA) | C15: =IFERROR(SUMIFS('Issuance Log'!$D:$D,'Issuance Log'!$B:$B,A15,'Issuance Log'!$G:$G,$B$4),0) -> 0 | D15: =IFERROR(COUNTIFS('Issuance Log'!$B:$B,A15,'Issuance Log'!$G:$G,$B$4),0) -> 0 | E15: =IFERROR(INDEX('Issuance Log'!$E:$E,MATCH(MAXIFS('Issuance Log'!$D:$D,'Issuance Log'!$B:$B,A15,'Issuance Log'!$G:$G,$B$4),IF(('Issuance Log'!$B:$B=A15)*('Issuance Log'!$G:$G=$B$4),'Issuance Log'!$D:$D),0)),"-") -> -
A16: LAB-00010 | B16: BAG - SPECIMEN - ZIPLOCK | C16: =IFERROR(SUMIFS('Issuance Log'!$D:$D,'Issuance Log'!$B:$B,A16,'Issuance Log'!$G:$G,$B$4),0) -> 0 | D16: =IFERROR(COUNTIFS('Issuance Log'!$B:$B,A16,'Issuance Log'!$G:$G,$B$4),0) -> 0 | E16: =IFERROR(INDEX('Issuance Log'!$E:$E,MATCH(MAXIFS('Issuance Log'!$D:$D,'Issuance Log'!$B:$B,A16,'Issuance Log'!$G:$G,$B$4),IF(('Issuance Log'!$B:$B=A16)*('Issuance Log'!$G:$G=$B$4),'Issuance Log'!$D:$D),0)),"-") -> -
A17: LAB-00011 | B17: BAG - SPECIMEN - LANCET GREEN | C17: =IFERROR(SUMIFS('Issuance Log'!$D:$D,'Issuance Log'!$B:$B,A17,'Issuance Log'!$G:$G,$B$4),0) -> 0 | D17: =IFERROR(COUNTIFS('Issuance Log'!$B:$B,A17,'Issuance Log'!$G:$G,$B$4),0) -> 0 | E17: =IFERROR(INDEX('Issuance Log'!$E:$E,MATCH(MAXIFS('Issuance Log'!$D:$D,'Issuance Log'!$B:$B,A17,'Issuance Log'!$G:$G,$B$4),IF(('Issuance Log'!$B:$B=A17)*('Issuance Log'!$G:$G=$B$4),'Issuance Log'!$D:$D),0)),"-") -> -
A18: LAB-00012 | B18: BAG - SPECIMEN - LANCET RED | C18: =IFERROR(SUMIFS('Issuance Log'!$D:$D,'Issuance Log'!$B:$B,A18,'Issuance Log'!$G:$G,$B$4),0) -> 0 | D18: =IFERROR(COUNTIFS('Issuance Log'!$B:$B,A18,'Issuance Log'!$G:$G,$B$4),0) -> 0 | E18: =IFERROR(INDEX('Issuance Log'!$E:$E,MATCH(MAXIFS('Issuance Log'!$D:$D,'Issuance Log'!$B:$B,A18,'Issuance Log'!$G:$G,$B$4),IF(('Issuance Log'!$B:$B=A18)*('Issuance Log'!$G:$G=$B$4),'Issuance Log'!$D:$D),0)),"-") -> -
... A1584: LAB-01578 | B1584: METHYLATED SPIRIT 200ML | C1584: =IFERROR(SUMIFS('Issuance Log'!$D:$D,'Issuance Log'!$B:$B,A1584,'Issuance Log'!$G:$G,$B$4),0) -> 0 | D1584: =IFERROR(COUNTIFS('Issuance Log'!$B:$B,A1584,'Issuance Log'!$G:$G,$B$4),0) -> 0 | E1584: =IFERROR(INDEX('Issuance Log'!$E:$E,MATCH(MAXIFS('Issuance Log'!$D:$D,'Issuance Log'!$B:$B,A1584,'Issuance Log'!$G:$G,$B$4),IF(('Issuance Log'!$B:$B=A1584)*('Issuance Log'!$G:$G=$B$4),'Issuance Log'!$D:$D),0)),"-") -> -

Sheet HOW TO USE
A1: INVENTORY TRACKER — QUICK GUIDE
A3: SHEET 1: Inventory Master
A4: What it does: | B4: Shows all items, quantities, reorder status, and stock coverage at a glance.
A5: Updating Qty: | B5: After each issuance from your inventory system, subtract the issued qty from "Current Qty" in this sheet.
A6: Last Updated: | B6: Type today's date whenever you change a quantity.
A7: Status column: | B7: Auto-shows OK (green) or REORDER NOW (red). No manual entry needed — it compares Current Qty against Reorder Level automatically.
A9: REORDER LEVEL — THE 2-MONTH RULE
A10: What is it? | B10: The Reorder Level is the quantity at which the tracker automatically flags an item as "REORDER NOW". Per management policy, this must always equal 2 months of average usage — meaning you should still have 2 full months of stock left when you place a reorder.
A11: Why 2 months? | B11: This gives the team enough buffer to place an order, wait for delivery, and not run out of stock before the new supply arrives.
A12: How to set it: | B12: Step 1: Estimate how many units of an item you use per month on average. Step 2: Multiply that number by 2. Step 3: Enter that result as the Reorder Level. Example: If you use ~25 glove boxes per month → Reorder Level = 50. When stock drops to 50, the tracker flags REORDER NOW, and you still have ~2 months of supply.
A14: NEW COLUMNS — AVG MONTHLY Uyour inventory system & MONTHS OF STOCK
A15: Why are these here? | B15: These two columns help the team understand stock health at a glance — not just whether to reorder, but how long the current stock will actually last.
A16: Avg Monthly Usage: | B16: This is calculated automatically as: Reorder Level ÷ 2. Since the Reorder Level is set to 2 months of usage, dividing it by 2 gives us the estimated monthly consumption. You do not need to fill this in — it updates itself whenever you change the Reorder Level. Example: Reorder Level = 50 → Avg Monthly Usage = 25 units/month.
A17: Months of Stock: | B17: This is calculated automatically as: Current Qty ÷ Avg Monthly Usage. It tells you how many months your current stock will last. When this number reaches 2.0, the Status column will already show REORDER NOW. If it shows less than 2, you are below the reorder threshold — act immediately. Example: Current Qty = 80, Avg Monthly Usage = 25 → Months of Stock = 3.2 months (still OK). Example: Current Qty = 45, Avg Monthly Usage = 25 → Months of Stock = 1.8 months (REORDER NOW).
A18: Important note: | B18: These columns are only accurate if the Reorder Level for each item has been correctly set to 2 × monthly usage. Review and update Reorder Levels regularly — especially for items whose consumption changes over time.
A20: SHEET 2: Issuance Log
A21: What it does: | B21: Records every issuance for a full audit trail.
A22: Step 1: | B22: Fill in Date, Item ID, Description, Qty Issued, Issued To, Issued By.
A23: Step 2: | B23: Month column fills AUTOMATICALLY from the Date — don't type in column G.
A24: Step 3: | B24: After logging here, remember to update Current Qty in Inventory Master.
A26: SHEET 3: Monthly Summary
A27: What it does: | B27: Auto-totals all issuances by item for any selected month.
A28: How to use: | B28: Click cell B4 and type the month you want, e.g. Mar 2025 or Oct 2025.
A29: Result: | B29: The entire table instantly updates — no need to create a new sheet per month.
A31: IMPORTANT RULES
A32: 1. | B32: Never delete Item IDs from Inventory Master — set qty to 0 for discontinued items.
A33: 2. | B33: Item IDs must be typed exactly the same in the Issuance Log as they appear in Inventory Master.
A34: 3. | B34: Reorder Levels must always equal 2 × monthly usage — review them regularly as consumption patterns change.
A35: 4. | B35: The Issuance Log has 200 pre-formatted rows. Add more rows the same way if needed.
A36: 5. | B36: The "Months of Stock" column is for planning reference — the Status column is the primary action trigger.
